game_date,player,prop,model_prediction,book_line,proj_min,edge,actual,stat_AST,stat_PA,stat_PR,stat_PRA,stat_PTS,stat_RA,stat_REB,stat_STL,stat_TO
2026-01-10,Julian Champagnie,PTS,19.412,11.5,0,7.911999999999999,12.0,False,False,False,False,True,False,False,False,False
2026-01-10,Jarrett Allen,PTS,16.998,12.5,0,4.498000000000001,16.0,False,False,False,False,True,False,False,False,False
2026-01-10,Davion Mitchell,PTS,10.839,6.5,0,4.339,1.0,False,False,False,False,True,False,False,False,False
2026-01-10,Victor Wembanyama,REB,12.749,9.0,0,3.749000000000001,6.0,False,False,False,False,False,False,True,False,False
2026-01-10,Sion James,PTS,8.09,4.5,0,3.59,4.0,False,False,False,False,True,False,False,False,False
2026-01-10,Nicolas Batum,PTS,6.721,3.5,0,3.221,0.0,False,False,False,False,True,False,False,False,False
2026-01-10,Ryan Kalkbrenner,PTS,9.679,6.5,0,3.1790000000000003,12.0,False,False,False,False,True,False,False,False,False
2026-01-10,Rudy Gobert,PTS,13.604,10.5,0,3.103999999999999,8.0,False,False,False,False,True,False,False,False,False
2026-01-10,Matas Buzelis,PTS,20.541,17.5,0,3.0410000000000004,15.0,False,False,False,False,True,False,False,False,False
2026-01-10,Darius Garland,PTS,21.28,18.5,0,2.780000000000001,22.0,False,False,False,False,True,False,False,False,False
2026-01-10,Luke Kornet,PTS,8.524,6.5,0,2.023999999999999,5.0,False,False,False,False,True,False,False,False,False
2026-01-10,Kel'el Ware,PTS,11.489,9.5,0,1.9890000000000008,2.0,False,False,False,False,True,False,False,False,False
2026-01-10,Anfernee Simons,PTS,14.451,12.5,0,1.9510000000000003,5.0,False,False,False,False,True,False,False,False,False
2026-01-10,Neemias Queta,REB,9.358,7.5,0,1.8580000000000003,13.0,False,False,False,False,False,False,True,False,False
2026-01-10,Norman Powell,AST,4.26,2.5,0,1.7599999999999998,1.0,True,False,False,False,False,False,False,False,False
2026-01-10,Johnny Furphy,PTS,7.189,5.5,0,1.689,10.0,False,False,False,False,True,False,False,False,False
2026-01-10,Sion James,REB,4.154,2.5,0,1.654,7.0,False,False,False,False,False,False,True,False,False
2026-01-10,Darius Garland,AST,7.815,6.5,0,1.3150000000000004,6.0,True,False,False,False,False,False,False,False,False
2026-01-10,Donovan Mitchell,REB,5.812,4.5,0,1.3120000000000005,3.0,False,False,False,False,False,False,True,False,False
2026-01-10,De'Andre Hunter,PTS,12.782,11.5,0,1.282,4.0,False,False,False,False,True,False,False,False,False
2026-01-10,Sion James,AST,2.73,1.5,0,1.23,5.0,True,False,False,False,False,False,False,False,False
2026-01-10,Victor Wembanyama,AST,3.654,2.5,0,1.154,1.0,True,False,False,False,False,False,False,False,False
2026-01-10,Darius Garland,REB,3.493,2.5,0,0.993,0.0,False,False,False,False,False,False,True,False,False
2026-01-10,Jay Huff,PTS,10.476,9.5,0,0.9760000000000008,8.0,False,False,False,False,True,False,False,False,False
2026-01-10,Ryan Kalkbrenner,AST,1.474,0.5,0,0.974,0.0,True,False,False,False,False,False,False,False,False
2026-01-10,Luka Garza,PTS,9.405,8.5,0,0.9049999999999994,11.0,False,False,False,False,True,False,False,False,False
2026-01-10,Norman Powell,PTS,22.396,21.5,0,0.8960000000000008,6.0,False,False,False,False,True,False,False,False,False
2026-01-10,Victor Wembanyama,PTS,21.394,20.5,0,0.8939999999999984,21.0,False,False,False,False,True,False,False,False,False
2026-01-10,Derrick White,PTS,19.377,18.5,0,0.8769999999999989,29.0,False,False,False,False,True,False,False,False,False
2026-01-10,Donovan Mitchell,AST,5.839,5.0,0,0.8390000000000004,8.0,True,False,False,False,False,False,False,False,False
2026-01-10,Anthony Edwards,PTS,29.335,28.5,0,0.8350000000000009,25.0,False,False,False,False,True,False,False,False,False
2026-01-10,Miles Bridges,REB,7.321,6.5,0,0.8209999999999997,7.0,False,False,False,False,False,False,True,False,False
2026-01-10,De'Andre Hunter,AST,2.254,1.5,0,0.754,2.0,True,False,False,False,False,False,False,False,False
2026-01-10,Sam Merrill,REB,3.232,2.5,0,0.7320000000000002,2.0,False,False,False,False,False,False,True,False,False
2026-01-10,Daniel Gafford,PTS,11.181,10.5,0,0.6809999999999992,6.0,False,False,False,False,True,False,False,False,False
2026-01-10,John Collins,PTS,14.175,13.5,0,0.6750000000000007,25.0,False,False,False,False,True,False,False,False,False
2026-01-10,Duncan Robinson,AST,2.143,1.5,0,0.6429999999999998,1.0,True,False,False,False,False,False,False,False,False
2026-01-10,Derrick White,REB,5.122,4.5,0,0.6219999999999999,9.0,False,False,False,False,False,False,True,False,False
2026-01-10,T.J. McConnell,PTS,11.077,10.5,0,0.577,12.0,False,False,False,False,True,False,False,False,False
2026-01-10,Stephon Castle,REB,5.071,4.5,0,0.5709999999999997,2.0,False,False,False,False,False,False,True,False,False
2026-01-10,Anthony Edwards,REB,5.568,5.0,0,0.5679999999999996,5.0,False,False,False,False,False,False,True,False,False
2026-01-10,Brook Lopez,PTS,7.057,6.5,0,0.5570000000000004,0.0,False,False,False,False,True,False,False,False,False
2026-01-10,Isaiah Collier,REB,3.036,2.5,0,0.536,1.0,False,False,False,False,False,False,True,False,False
2026-01-10,Cooper Flagg,AST,5.986,5.5,0,0.4859999999999997,2.0,True,False,False,False,False,False,False,False,False
2026-01-10,Sam Merrill,PTS,10.965,10.5,0,0.4649999999999998,20.0,False,False,False,False,True,False,False,False,False
2026-01-10,Jaden McDaniels,AST,2.954,2.5,0,0.4540000000000002,1.0,True,False,False,False,False,False,False,False,False
2026-01-10,Anthony Edwards,AST,4.447,4.0,0,0.447,3.0,True,False,False,False,False,False,False,False,False
2026-01-10,Craig Porter,PTS,5.858,5.5,0,0.3579999999999996,0.0,False,False,False,False,True,False,False,False,False
2026-01-10,Kon Knueppel,REB,5.348,5.0,0,0.3479999999999998,0.0,False,False,False,False,False,False,True,False,False
2026-01-10,Harrison Barnes,AST,1.823,1.5,0,0.3229999999999999,3.0,True,False,False,False,False,False,False,False,False
2026-01-10,Andrew Nembhard,PTS,17.773,17.5,0,0.2729999999999997,29.0,False,False,False,False,True,False,False,False,False
2026-01-10,Tre Jones,PTS,11.715,11.5,0,0.2149999999999998,13.0,False,False,False,False,True,False,False,False,False
2026-01-10,Jay Huff,AST,1.714,1.5,0,0.2139999999999999,2.0,True,False,False,False,False,False,False,False,False
2026-01-10,Cody Williams,REB,2.692,2.5,0,0.1920000000000001,2.0,False,False,False,False,False,False,True,False,False
2026-01-10,Luke Kornet,AST,1.691,1.5,0,0.191,1.0,True,False,False,False,False,False,False,False,False
2026-01-10,Bam Adebayo,REB,9.668,9.5,0,0.1679999999999992,9.0,False,False,False,False,False,False,True,False,False
2026-01-10,Payton Pritchard,REB,4.628,4.5,0,0.1280000000000001,5.0,False,False,False,False,False,False,True,False,False
2026-01-10,Isaac Okoro,PTS,7.618,7.5,0,0.1180000000000003,13.0,False,False,False,False,True,False,False,False,False
2026-01-10,Kawhi Leonard,REB,5.613,5.5,0,0.1130000000000004,8.0,False,False,False,False,False,False,True,False,False
2026-01-10,Isaac Okoro,REB,3.519,3.5,0,0.0190000000000001,4.0,False,False,False,False,False,False,True,False,False
2026-01-10,Neemias Queta,PTS,8.463,8.5,0,-0.0370000000000008,9.0,False,False,False,False,True,False,False,False,False
2026-01-10,Klay Thompson,AST,1.429,1.5,0,-0.0709999999999999,1.0,True,False,False,False,False,False,False,False,False
2026-01-10,Sam Hauser,PTS,8.423,8.5,0,-0.0769999999999999,0.0,False,False,False,False,True,False,False,False,False
2026-01-10,T.J. McConnell,AST,4.917,5.0,0,-0.0830000000000001,7.0,True,False,False,False,False,False,False,False,False
2026-01-10,Max Christie,PTS,15.351,15.5,0,-0.1489999999999991,10.0,False,False,False,False,True,False,False,False,False
2026-01-10,Brice Sensabaugh,REB,3.834,4.0,0,-0.1659999999999999,3.0,False,False,False,False,False,False,True,False,False
2026-01-10,Kris Dunn,REB,2.303,2.5,0,-0.197,1.0,False,False,False,False,False,False,True,False,False
2026-01-10,Donte DiVincenzo,REB,3.791,4.0,0,-0.209,3.0,False,False,False,False,False,False,True,False,False
2026-01-10,James Harden,REB,3.763,4.0,0,-0.2370000000000001,7.0,False,False,False,False,False,False,True,False,False
2026-01-10,Naz Reid,PTS,13.155,13.5,0,-0.3450000000000006,23.0,False,False,False,False,True,False,False,False,False
2026-01-10,Collin Sexton,AST,3.641,4.0,0,-0.359,4.0,True,False,False,False,False,False,False,False,False
2026-01-10,Andrew Nembhard,REB,2.552,3.0,0,-0.4479999999999999,6.0,False,False,False,False,False,False,True,False,False
2026-01-10,Kris Dunn,PTS,7.049,7.5,0,-0.4509999999999996,2.0,False,False,False,False,True,False,False,False,False
2026-01-10,Duncan Robinson,PTS,10.041,10.5,0,-0.4589999999999996,20.0,False,False,False,False,True,False,False,False,False
2026-01-10,Ausar Thompson,AST,1.97,2.5,0,-0.53,6.0,True,False,False,False,False,False,False,False,False
2026-01-10,Paul Reed,AST,1.885,2.5,0,-0.615,3.0,True,False,False,False,False,False,False,False,False
2026-01-10,Jaden McDaniels,REB,4.277,5.0,0,-0.7229999999999999,1.0,False,False,False,False,False,False,True,False,False
2026-01-10,Ausar Thompson,REB,4.733,5.5,0,-0.7670000000000003,3.0,False,False,False,False,False,False,True,False,False
2026-01-10,Dylan Harper,PTS,7.732,8.5,0,-0.7679999999999998,5.0,False,False,False,False,True,False,False,False,False
2026-01-10,Miles Bridges,PTS,17.683,18.5,0,-0.8170000000000002,15.0,False,False,False,False,True,False,False,False,False
2026-01-10,Cade Cunningham,REB,4.644,5.5,0,-0.8559999999999999,0.0,False,False,False,False,False,False,True,False,False
2026-01-10,Keyonte George,REB,3.058,4.0,0,-0.9420000000000002,2.0,False,False,False,False,False,False,True,False,False
2026-01-10,Julius Randle,REB,6.524,7.5,0,-0.976,4.0,False,False,False,False,False,False,True,False,False
2026-01-10,Jay Huff,REB,3.494,4.5,0,-1.0059999999999998,2.0,False,False,False,False,False,False,True,False,False
2026-01-10,Harrison Barnes,PTS,8.448,9.5,0,-1.0519999999999996,6.0,False,False,False,False,True,False,False,False,False
2026-01-10,Donte DiVincenzo,AST,2.902,4.0,0,-1.098,6.0,True,False,False,False,False,False,False,False,False
2026-01-10,Payton Pritchard,PTS,15.361,16.5,0,-1.1389999999999991,4.0,False,False,False,False,True,False,False,False,False
2026-01-10,Julius Randle,AST,4.247,5.5,0,-1.253,4.0,True,False,False,False,False,False,False,False,False
2026-01-10,De'Aaron Fox,PTS,18.184,19.5,0,-1.315999999999999,21.0,False,False,False,False,True,False,False,False,False
2026-01-10,Tyler Herro,AST,2.07,3.5,0,-1.4300000000000002,4.0,True,False,False,False,False,False,False,False,False
2026-01-10,Rudy Gobert,REB,10.549,12.0,0,-1.4510000000000003,12.0,False,False,False,False,False,False,True,False,False
2026-01-10,Bam Adebayo,PTS,14.991,16.5,0,-1.5090000000000003,13.0,False,False,False,False,True,False,False,False,False
2026-01-10,Cade Cunningham,PTS,25.939,27.5,0,-1.561,0.0,False,False,False,False,True,False,False,False,False
2026-01-10,Stephon Castle,AST,4.935,6.5,0,-1.5650000000000004,5.0,True,False,False,False,False,False,False,False,False
2026-01-10,Ivica Zubac,REB,7.906,9.5,0,-1.5940000000000003,6.0,False,False,False,False,False,False,True,False,False
2026-01-10,Andrew Nembhard,AST,5.82,7.5,0,-1.6799999999999995,9.0,True,False,False,False,False,False,False,False,False
2026-01-10,James Harden,AST,5.768,7.5,0,-1.7320000000000002,7.0,True,False,False,False,False,False,False,False,False
2026-01-10,Paul Reed,PTS,7.666,9.5,0,-1.8339999999999996,8.0,False,False,False,False,True,False,False,False,False
2026-01-10,De'Aaron Fox,AST,4.111,6.0,0,-1.889,6.0,True,False,False,False,False,False,False,False,False
2026-01-10,Isaiah Collier,AST,5.105,7.0,0,-1.8949999999999996,9.0,True,False,False,False,False,False,False,False,False
2026-01-10,Ivica Zubac,PTS,10.603,12.5,0,-1.897,17.0,False,False,False,False,True,False,False,False,False
2026-01-10,Brice Sensabaugh,PTS,12.453,14.5,0,-2.0470000000000006,26.0,False,False,False,False,True,False,False,False,False
2026-01-10,Coby White,AST,1.883,4.0,0,-2.117,3.0,True,False,False,False,False,False,False,False,False
2026-01-10,Keldon Johnson,PTS,9.342,11.5,0,-2.1579999999999995,18.0,False,False,False,False,True,False,False,False,False
2026-01-10,Kawhi Leonard,PTS,24.24,26.5,0,-2.2600000000000016,26.0,False,False,False,False,True,False,False,False,False
2026-01-10,Collin Sexton,PTS,12.231,14.5,0,-2.269,15.0,False,False,False,False,True,False,False,False,False
2026-01-10,Stephon Castle,PTS,15.211,17.5,0,-2.2889999999999997,9.0,False,False,False,False,True,False,False,False,False
2026-01-10,Evan Mobley,REB,5.515,8.0,0,-2.4850000000000003,4.0,False,False,False,False,False,False,True,False,False
2026-01-10,Jaden McDaniels,PTS,11.485,14.0,0,-2.515000000000001,12.0,False,False,False,False,True,False,False,False,False
2026-01-10,Andrew Wiggins,PTS,10.999,14.0,0,-3.000999999999999,11.0,False,False,False,False,True,False,False,False,False
2026-01-10,Julius Randle,PTS,17.959,21.0,0,-3.0410000000000004,22.0,False,False,False,False,True,False,False,False,False
2026-01-10,Kon Knueppel,PTS,15.249,18.5,0,-3.250999999999999,12.0,False,False,False,False,True,False,False,False,False
2026-01-10,LaMelo Ball,PTS,15.184,18.5,0,-3.3160000000000007,17.0,False,False,False,False,True,False,False,False,False
2026-01-10,LaMelo Ball,AST,4.68,8.0,0,-3.3200000000000003,5.0,True,False,False,False,False,False,False,False,False
2026-01-10,Isaiah Stewart,PTS,10.145,13.5,0,-3.3550000000000004,0.0,False,False,False,False,True,False,False,False,False
2026-01-10,Pascal Siakam,PTS,21.601,25.0,0,-3.399000000000001,11.0,False,False,False,False,True,False,False,False,False
2026-01-10,Donte DiVincenzo,PTS,10.081,13.5,0,-3.4190000000000005,15.0,False,False,False,False,True,False,False,False,False
2026-01-10,Isaiah Collier,PTS,7.036,10.5,0,-3.4640000000000004,17.0,False,False,False,False,True,False,False,False,False
2026-01-10,Jaylen Brown,PTS,24.925,28.5,0,-3.5749999999999993,27.0,False,False,False,False,True,False,False,False,False
2026-01-10,Evan Mobley,PTS,13.901,17.5,0,-3.599,24.0,False,False,False,False,True,False,False,False,False
2026-01-10,Donovan Mitchell,PTS,25.9,29.5,0,-3.6000000000000014,28.0,False,False,False,False,True,False,False,False,False
2026-01-10,Ausar Thompson,PTS,8.697,12.5,0,-3.803000000000001,6.0,False,False,False,False,True,False,False,False,False
2026-01-10,Aaron Nesmith,PTS,12.459,16.5,0,-4.041,12.0,False,False,False,False,True,False,False,False,False
2026-01-10,Naji Marshall,PTS,12.369,16.5,0,-4.131,14.0,False,False,False,False,True,False,False,False,False
2026-01-10,Taylor Hendricks,PTS,2.755,7.5,0,-4.745,7.0,False,False,False,False,True,False,False,False,False
2026-01-10,Tyler Herro,PTS,15.316,20.5,0,-5.183999999999999,21.0,False,False,False,False,True,False,False,False,False
2026-01-10,Klay Thompson,PTS,9.274,14.5,0,-5.226000000000001,10.0,False,False,False,False,True,False,False,False,False
2026-01-10,James Harden,PTS,17.657,23.5,0,-5.843,19.0,False,False,False,False,True,False,False,False,False
2026-01-10,Keyonte George,PTS,20.744,27.5,0,-6.756,4.0,False,False,False,False,True,False,False,False,False
2026-01-10,Cooper Flagg,PTS,15.683,23.5,0,-7.817,11.0,False,False,False,False,True,False,False,False,False
2026-01-10,Kyle Filipowski,PTS,5.197,13.5,0,-8.303,4.0,False,False,False,False,True,False,False,False,False
2026-01-10,Brandon Miller,PTS,12.003,20.5,0,-8.497,18.0,False,False,False,False,True,False,False,False,False
2026-01-10,Coby White,PTS,7.177,17.0,0,-9.823,22.0,False,False,False,False,True,False,False,False,False
2026-01-11,CJ McCollum,PTS,20.089,13.5,0,6.588999999999999,12.0,False,False,False,False,True,False,False,False,False
2026-01-11,Ajay Mitchell,PTS,15.511,11.5,0,4.010999999999999,16.0,False,False,False,False,True,False,False,False,False
2026-01-11,Peyton Watson,PTS,22.451,18.5,0,3.951000000000001,19.0,False,False,False,False,True,False,False,False,False
2026-01-11,Luke Kornet,PTS,10.066,6.5,0,3.5660000000000007,6.0,False,False,False,False,True,False,False,False,False
2026-01-11,Miles McBride,PTS,14.953,11.5,0,3.4529999999999994,8.0,False,False,False,False,True,False,False,False,False
2026-01-11,Julian Champagnie,PTS,14.922,11.5,0,3.4220000000000006,14.0,False,False,False,False,True,False,False,False,False
2026-01-11,Al Horford,PTS,8.901,5.5,0,3.401,5.0,False,False,False,False,True,False,False,False,False
2026-01-11,Day'Ron Sharpe,PTS,9.852,6.5,0,3.3520000000000003,8.0,False,False,False,False,True,False,False,False,False
2026-01-11,Ryan Rollins,PTS,17.826,14.5,0,3.3260000000000005,2.0,False,False,False,False,True,False,False,False,False
2026-01-11,Keon Ellis,PTS,10.205,7.0,0,3.205,0.0,False,False,False,False,True,False,False,False,False
2026-01-11,Dyson Daniels,PTS,15.625,12.5,0,3.125,11.0,False,False,False,False,True,False,False,False,False
2026-01-11,Dominick Barlow,PTS,10.59,7.5,0,3.09,13.0,False,False,False,False,True,False,False,False,False
2026-01-11,Tyrese Maxey,PTS,30.586,27.5,0,3.0859999999999985,38.0,False,False,False,False,True,False,False,False,False
2026-01-11,Jrue Holiday,REB,6.366,3.5,0,2.8659999999999997,2.0,False,False,False,False,False,False,True,False,False
2026-01-11,Toumani Camara,PTS,16.275,13.5,0,2.7749999999999986,11.0,False,False,False,False,True,False,False,False,False
2026-01-11,Kevin Durant,REB,7.647,5.0,0,2.647,4.0,False,False,False,False,False,False,True,False,False
2026-01-11,Donovan Clingan,PTS,14.052,11.5,0,2.5519999999999996,8.0,False,False,False,False,True,False,False,False,False
2026-01-11,Rudy Gobert,PTS,12.938,10.5,0,2.4380000000000006,2.0,False,False,False,False,True,False,False,False,False
2026-01-11,Steven Adams,PTS,9.841,7.5,0,2.3409999999999993,3.0,False,False,False,False,True,False,False,False,False
2026-01-11,Draymond Green,PTS,10.805,8.5,0,2.3049999999999997,5.0,False,False,False,False,True,False,False,False,False
2026-01-11,Stephen Curry,AST,6.677,4.5,0,2.1769999999999996,5.0,True,False,False,False,False,False,False,False,False
2026-01-11,Jordan Clarkson,PTS,9.485,7.5,0,1.9849999999999992,3.0,False,False,False,False,True,False,False,False,False
2026-01-11,Jalen Williams,PTS,20.359,18.5,0,1.8590000000000015,18.0,False,False,False,False,True,False,False,False,False
2026-01-11,Davion Mitchell,PTS,8.801,7.0,0,1.8010000000000002,13.0,False,False,False,False,True,False,False,False,False
2026-01-11,Shaedon Sharpe,PTS,22.257,20.5,0,1.7570000000000014,23.0,False,False,False,False,True,False,False,False,False
2026-01-11,Mitchell Robinson,PTS,6.119,4.5,0,1.6189999999999998,6.0,False,False,False,False,True,False,False,False,False
2026-01-11,VJ Edgecombe,REB,7.107,5.5,0,1.6070000000000002,4.0,False,False,False,False,False,False,True,False,False
2026-01-11,Chet Holmgren,REB,10.515,9.0,0,1.5150000000000006,9.0,False,False,False,False,False,False,True,False,False
2026-01-11,Harrison Barnes,PTS,11.014,9.5,0,1.5139999999999991,13.0,False,False,False,False,True,False,False,False,False
2026-01-11,Kyle Kuzma,PTS,10.965,9.5,0,1.465,11.0,False,False,False,False,True,False,False,False,False
2026-01-11,Oso Ighodaro,PTS,6.931,5.5,0,1.431,10.0,False,False,False,False,True,False,False,False,False
2026-01-11,Ja'Kobe Walter,PTS,9.892,8.5,0,1.3919999999999997,2.0,False,False,False,False,True,False,False,False,False
2026-01-11,Paolo Banchero,REB,9.773,8.5,0,1.2729999999999997,8.0,False,False,False,False,False,False,True,False,False
2026-01-11,Giannis Antetokounmpo,REB,11.697,10.5,0,1.1969999999999992,8.0,False,False,False,False,False,False,True,False,False
2026-01-11,Keldon Johnson,PTS,13.669,12.5,0,1.1690000000000005,15.0,False,False,False,False,True,False,False,False,False
2026-01-11,Julius Randle,PTS,22.649,21.5,0,1.149000000000001,15.0,False,False,False,False,True,False,False,False,False
2026-01-11,Nique Clifford,PTS,7.611,6.5,0,1.1109999999999998,8.0,False,False,False,False,True,False,False,False,False
2026-01-11,Royce O'Neale,PTS,11.604,10.5,0,1.1039999999999992,19.0,False,False,False,False,True,False,False,False,False
2026-01-11,Aaron Wiggins,REB,5.02,4.0,0,1.0199999999999996,2.0,False,False,False,False,False,False,True,False,False
2026-01-11,Jordan Poole,REB,2.512,1.5,0,1.012,0.0,False,False,False,False,False,False,True,False,False
2026-01-11,Joel Embiid,AST,4.49,3.5,0,0.9900000000000002,0.0,True,False,False,False,False,False,False,False,False
2026-01-11,Bobby Portis,PTS,12.429,11.5,0,0.9290000000000004,14.0,False,False,False,False,True,False,False,False,False
2026-01-11,Maxime Raynaud,PTS,10.35,9.5,0,0.8499999999999996,12.0,False,False,False,False,True,False,False,False,False
2026-01-11,Derik Queen,AST,5.272,4.5,0,0.7720000000000002,6.0,True,False,False,False,False,False,False,False,False
2026-01-11,Donovan Clingan,REB,12.237,11.5,0,0.7370000000000001,8.0,False,False,False,False,False,False,True,False,False
2026-01-11,Cedric Coward,PTS,13.218,12.5,0,0.718,21.0,False,False,False,False,True,False,False,False,False
2026-01-11,Zach LaVine,PTS,19.196,18.5,0,0.6960000000000015,18.0,False,False,False,False,True,False,False,False,False
2026-01-11,Justin Champagnie,PTS,9.171,8.5,0,0.6709999999999994,8.0,False,False,False,False,True,False,False,False,False
2026-01-11,Cedric Coward,REB,6.665,6.0,0,0.665,8.0,False,False,False,False,False,False,True,False,False
2026-01-11,Miles McBride,REB,3.115,2.5,0,0.6150000000000002,0.0,False,False,False,False,False,False,True,False,False
2026-01-11,Jaylen Wells,REB,4.085,3.5,0,0.585,2.0,False,False,False,False,False,False,True,False,False
2026-01-11,Cam Spencer,AST,8.069,7.5,0,0.5690000000000008,12.0,True,False,False,False,False,False,False,False,False
2026-01-11,Royce O'Neale,REB,6.035,5.5,0,0.5350000000000001,7.0,False,False,False,False,False,False,True,False,False
2026-01-11,Khris Middleton,PTS,9.005,8.5,0,0.5050000000000008,2.0,False,False,False,False,True,False,False,False,False
2026-01-11,Luguentz Dort,PTS,8.999,8.5,0,0.4990000000000005,4.0,False,False,False,False,True,False,False,False,False
2026-01-11,Alex Caruso,REB,2.988,2.5,0,0.488,1.0,False,False,False,False,False,False,True,False,False
2026-01-11,Bryce McGowens,AST,1.96,1.5,0,0.4599999999999999,2.0,True,False,False,False,False,False,False,False,False
2026-01-11,Paul George,REB,5.951,5.5,0,0.4509999999999996,0.0,False,False,False,False,False,False,True,False,False
2026-01-11,Aaron Wiggins,PTS,10.942,10.5,0,0.4420000000000001,11.0,False,False,False,False,True,False,False,False,False
2026-01-11,Amen Thompson,REB,7.939,7.5,0,0.439,13.0,False,False,False,False,False,False,True,False,False
2026-01-11,Dillon Brooks,REB,3.932,3.5,0,0.4319999999999999,1.0,False,False,False,False,False,False,True,False,False
2026-01-11,Scottie Barnes,PTS,18.908,18.5,0,0.4080000000000012,31.0,False,False,False,False,True,False,False,False,False
2026-01-11,Terance Mann,PTS,8.899,8.5,0,0.3989999999999991,7.0,False,False,False,False,True,False,False,False,False
2026-01-11,Jeremiah Fears,REB,3.895,3.5,0,0.395,4.0,False,False,False,False,False,False,True,False,False
2026-01-11,Harrison Barnes,REB,2.887,2.5,0,0.387,1.0,False,False,False,False,False,False,True,False,False
2026-01-11,Jeremiah Fears,PTS,13.88,13.5,0,0.3800000000000008,16.0,False,False,False,False,True,False,False,False,False
2026-01-11,Paul George,AST,3.847,3.5,0,0.347,0.0,True,False,False,False,False,False,False,False,False
2026-01-11,Alex Caruso,AST,1.825,1.5,0,0.3249999999999999,2.0,True,False,False,False,False,False,False,False,False
2026-01-11,Al Horford,AST,1.795,1.5,0,0.2949999999999999,2.0,True,False,False,False,False,False,False,False,False
2026-01-11,Bryce McGowens,REB,2.788,2.5,0,0.2879999999999998,1.0,False,False,False,False,False,False,True,False,False
2026-01-11,Zach LaVine,AST,3.26,3.0,0,0.2599999999999998,1.0,True,False,False,False,False,False,False,False,False
2026-01-11,Onyeka Okongwu,PTS,14.751,14.5,0,0.2509999999999994,18.0,False,False,False,False,True,False,False,False,False
2026-01-11,Bam Adebayo,REB,9.231,9.0,0,0.2309999999999998,14.0,False,False,False,False,False,False,True,False,False
2026-01-11,Derik Queen,REB,9.206,9.0,0,0.2059999999999995,3.0,False,False,False,False,False,False,True,False,False
2026-01-11,Khris Middleton,REB,3.664,3.5,0,0.1640000000000001,2.0,False,False,False,False,False,False,True,False,False
2026-01-11,Dorian Finney-Smith,PTS,5.64,5.5,0,0.1399999999999996,4.0,False,False,False,False,True,False,False,False,False
2026-01-11,Ja'Kobe Walter,REB,3.608,3.5,0,0.1080000000000001,0.0,False,False,False,False,False,False,True,False,False
2026-01-11,Yves Missi,PTS,4.575,4.5,0,0.0750000000000001,7.0,False,False,False,False,True,False,False,False,False
2026-01-11,Victor Wembanyama,AST,2.545,2.5,0,0.0449999999999999,1.0,True,False,False,False,False,False,False,False,False
2026-01-11,Joel Embiid,PTS,24.464,24.5,0,-0.0360000000000013,0.0,False,False,False,False,True,False,False,False,False
2026-01-11,Mark Williams,REB,8.962,9.0,0,-0.0380000000000002,7.0,False,False,False,False,False,False,True,False,False
2026-01-11,Jaden McDaniels,AST,2.429,2.5,0,-0.0710000000000001,1.0,True,False,False,False,False,False,False,False,False
2026-01-11,Myles Turner,PTS,10.369,10.5,0,-0.1310000000000002,16.0,False,False,False,False,True,False,False,False,False
2026-01-11,Sandro Mamukelashvili,PTS,12.349,12.5,0,-0.1509999999999998,0.0,False,False,False,False,True,False,False,False,False
2026-01-11,Dylan Cardwell,REB,6.278,6.5,0,-0.2220000000000004,10.0,False,False,False,False,False,False,True,False,False
2026-01-11,Russell Westbrook,REB,5.771,6.0,0,-0.2290000000000001,6.0,False,False,False,False,False,False,True,False,False
2026-01-11,Mikal Bridges,REB,4.267,4.5,0,-0.2329999999999996,6.0,False,False,False,False,False,False,True,False,False
2026-01-11,Paul George,PTS,14.24,14.5,0,-0.2599999999999998,0.0,False,False,False,False,True,False,False,False,False
2026-01-11,Paolo Banchero,AST,5.223,5.5,0,-0.2770000000000001,8.0,True,False,False,False,False,False,False,False,False
2026-01-11,Onyeka Okongwu,REB,7.218,7.5,0,-0.282,12.0,False,False,False,False,False,False,True,False,False
2026-01-11,Mitchell Robinson,REB,8.161,8.5,0,-0.3390000000000004,11.0,False,False,False,False,False,False,True,False,False
2026-01-11,DeMar DeRozan,PTS,18.628,19.0,0,-0.3719999999999999,22.0,False,False,False,False,True,False,False,False,False
2026-01-11,Mark Williams,PTS,11.104,11.5,0,-0.3960000000000008,11.0,False,False,False,False,True,False,False,False,False
2026-01-11,Cason Wallace,PTS,6.082,6.5,0,-0.4180000000000001,3.0,False,False,False,False,True,False,False,False,False
2026-01-11,Jaylen Wells,PTS,11.549,12.0,0,-0.4510000000000005,2.0,False,False,False,False,True,False,False,False,False
2026-01-11,Joel Embiid,REB,8.044,8.5,0,-0.4559999999999995,0.0,False,False,False,False,False,False,True,False,False
2026-01-11,Bilal Coulibaly,AST,2.044,2.5,0,-0.4559999999999999,1.0,True,False,False,False,False,False,False,False,False
2026-01-11,Nickeil Alexander-Walker,PTS,18.471,19.0,0,-0.5289999999999999,24.0,False,False,False,False,True,False,False,False,False
2026-01-11,Russell Westbrook,PTS,13.956,14.5,0,-0.5440000000000005,15.0,False,False,False,False,True,False,False,False,False
2026-01-11,Donte DiVincenzo,PTS,12.955,13.5,0,-0.5449999999999999,19.0,False,False,False,False,True,False,False,False,False
2026-01-11,Stephen Curry,PTS,27.926,28.5,0,-0.5740000000000016,31.0,False,False,False,False,True,False,False,False,False
2026-01-11,Dylan Harper,PTS,8.922,9.5,0,-0.5779999999999994,0.0,False,False,False,False,True,False,False,False,False
2026-01-11,Collin Gillespie,PTS,11.387,12.0,0,-0.6129999999999995,2.0,False,False,False,False,True,False,False,False,False
2026-01-11,Kel'el Ware,PTS,9.859,10.5,0,-0.641,8.0,False,False,False,False,True,False,False,False,False
2026-01-11,Royce O'Neale,AST,1.857,2.5,0,-0.643,4.0,True,False,False,False,False,False,False,False,False
2026-01-11,Jock Landale,PTS,10.834,11.5,0,-0.6660000000000004,16.0,False,False,False,False,True,False,False,False,False
2026-01-11,Jalen Johnson,REB,9.331,10.0,0,-0.6690000000000005,11.0,False,False,False,False,False,False,True,False,False
2026-01-11,Bilal Coulibaly,PTS,10.782,11.5,0,-0.718,12.0,False,False,False,False,True,False,False,False,False
2026-01-11,VJ Edgecombe,PTS,14.781,15.5,0,-0.7189999999999994,17.0,False,False,False,False,True,False,False,False,False
2026-01-11,De'Aaron Fox,PTS,18.7,19.5,0,-0.8000000000000007,12.0,False,False,False,False,True,False,False,False,False
2026-01-11,Goga Bitadze,PTS,4.569,5.5,0,-0.931,14.0,False,False,False,False,True,False,False,False,False
2026-01-11,Quinten Post,PTS,6.539,7.5,0,-0.9610000000000004,8.0,False,False,False,False,True,False,False,False,False
2026-01-11,Mikal Bridges,PTS,13.517,14.5,0,-0.9830000000000004,18.0,False,False,False,False,True,False,False,False,False
2026-01-11,Devin Booker,REB,2.513,3.5,0,-0.987,3.0,False,False,False,False,False,False,True,False,False
2026-01-11,Grayson Allen,PTS,11.951,13.0,0,-1.0489999999999997,12.0,False,False,False,False,True,False,False,False,False
2026-01-11,Dillon Brooks,PTS,18.417,19.5,0,-1.0829999999999984,16.0,False,False,False,False,True,False,False,False,False
2026-01-11,Quinten Post,REB,2.415,3.5,0,-1.085,3.0,False,False,False,False,False,False,True,False,False
2026-01-11,Jalen Johnson,PTS,21.361,22.5,0,-1.1389999999999991,23.0,False,False,False,False,True,False,False,False,False
2026-01-11,Julius Randle,AST,4.361,5.5,0,-1.1390000000000002,4.0,True,False,False,False,False,False,False,False,False
2026-01-11,Scottie Barnes,AST,4.299,5.5,0,-1.2009999999999996,7.0,True,False,False,False,False,False,False,False,False
2026-01-11,Santi Aldama,PTS,13.273,14.5,0,-1.2270000000000003,15.0,False,False,False,False,True,False,False,False,False
2026-01-11,Stephon Castle,PTS,14.25,15.5,0,-1.25,11.0,False,False,False,False,True,False,False,False,False
2026-01-11,Jimmy Butler,REB,4.04,5.5,0,-1.46,7.0,False,False,False,False,False,False,True,False,False
2026-01-11,Collin Gillespie,AST,3.004,4.5,0,-1.496,5.0,True,False,False,False,False,False,False,False,False
2026-01-11,Justin Champagnie,REB,4.986,6.5,0,-1.5140000000000002,6.0,False,False,False,False,False,False,True,False,False
2026-01-11,Deni Avdija,PTS,25.909,27.5,0,-1.591000000000001,25.0,False,False,False,False,True,False,False,False,False
2026-01-11,Tyrese Maxey,AST,5.356,7.0,0,-1.644,5.0,True,False,False,False,False,False,False,False,False
2026-01-11,Jalen Brunson,AST,4.841,6.5,0,-1.6589999999999998,8.0,True,False,False,False,False,False,False,False,False
2026-01-11,Tyler Herro,PTS,17.791,19.5,0,-1.7089999999999996,19.0,False,False,False,False,True,False,False,False,False
2026-01-11,Jaden McDaniels,PTS,12.768,14.5,0,-1.731999999999999,12.0,False,False,False,False,True,False,False,False,False
2026-01-11,Amen Thompson,PTS,18.163,20.0,0,-1.8369999999999995,31.0,False,False,False,False,True,False,False,False,False
2026-01-11,Steven Adams,REB,7.603,9.5,0,-1.897,6.0,False,False,False,False,False,False,True,False,False
2026-01-11,Shai Gilgeous-Alexander,REB,2.591,4.5,0,-1.909,5.0,False,False,False,False,False,False,True,False,False
2026-01-11,Alperen Sengun,REB,6.59,8.5,0,-1.91,9.0,False,False,False,False,False,False,True,False,False
2026-01-11,Tre Johnson,PTS,10.531,12.5,0,-1.9689999999999992,19.0,False,False,False,False,True,False,False,False,False
2026-01-11,Chet Holmgren,PTS,15.52,17.5,0,-1.9800000000000004,16.0,False,False,False,False,True,False,False,False,False
2026-01-11,Desmond Bane,PTS,18.01,20.0,0,-1.9899999999999984,27.0,False,False,False,False,True,False,False,False,False
2026-01-11,Karl-Anthony Towns,PTS,18.438,20.5,0,-2.062000000000001,20.0,False,False,False,False,True,False,False,False,False
2026-01-11,Jordan Poole,PTS,9.35,11.5,0,-2.1500000000000004,21.0,False,False,False,False,True,False,False,False,False
2026-01-11,De'Anthony Melton,PTS,8.761,11.0,0,-2.2390000000000008,10.0,False,False,False,False,True,False,False,False,False
2026-01-11,Brandin Podziemski,PTS,7.758,10.0,0,-2.242,3.0,False,False,False,False,True,False,False,False,False
2026-01-11,Bam Adebayo,PTS,11.164,13.5,0,-2.3360000000000003,6.0,False,False,False,False,True,False,False,False,False
2026-01-11,Cam Spencer,PTS,11.135,13.5,0,-2.365,12.0,False,False,False,False,True,False,False,False,False
2026-01-11,Reed Sheppard,PTS,11.042,13.5,0,-2.458,6.0,False,False,False,False,True,False,False,False,False
2026-01-11,Victor Wembanyama,PTS,18.024,20.5,0,-2.475999999999999,29.0,False,False,False,False,True,False,False,False,False
2026-01-11,Norman Powell,PTS,18.007,20.5,0,-2.4929999999999986,0.0,False,False,False,False,True,False,False,False,False
2026-01-11,Spencer Jones,PTS,4.925,7.5,0,-2.575,5.0,False,False,False,False,True,False,False,False,False
2026-01-11,Paolo Banchero,PTS,20.767,23.5,0,-2.7330000000000005,23.0,False,False,False,False,True,False,False,False,False
2026-01-11,Moses Moody,PTS,6.646,9.5,0,-2.854,2.0,False,False,False,False,True,False,False,False,False
2026-01-11,Christian Braun,PTS,8.546,11.5,0,-2.9540000000000006,0.0,False,False,False,False,True,False,False,False,False
2026-01-11,Kevin Durant,PTS,25.504,28.5,0,-2.9959999999999987,23.0,False,False,False,False,True,False,False,False,False
2026-01-11,Anthony Black,PTS,16.344,19.5,0,-3.155999999999999,26.0,False,False,False,False,True,False,False,False,False
2026-01-11,Andrew Wiggins,PTS,9.297,12.5,0,-3.2029999999999994,23.0,False,False,False,False,True,False,False,False,False
2026-01-11,Jamal Murray,PTS,22.936,26.5,0,-3.564,0.0,False,False,False,False,True,False,False,False,False
2026-01-11,Derik Queen,PTS,9.924,13.5,0,-3.5760000000000005,10.0,False,False,False,False,True,False,False,False,False
2026-01-11,Noah Clowney,PTS,11.917,15.5,0,-3.583,17.0,False,False,False,False,True,False,False,False,False
2026-01-11,Karl-Anthony Towns,REB,7.746,11.5,0,-3.754,11.0,False,False,False,False,False,False,True,False,False
2026-01-11,Anthony Edwards,PTS,24.453,28.5,0,-4.047000000000001,23.0,False,False,False,False,True,False,False,False,False
2026-01-11,Giannis Antetokounmpo,PTS,25.388,29.5,0,-4.111999999999998,31.0,False,False,False,False,True,False,False,False,False
2026-01-11,OG Anunoby,PTS,11.212,15.5,0,-4.288,24.0,False,False,False,False,True,False,False,False,False
2026-01-11,Zion Williamson,PTS,18.822,23.5,0,-4.678000000000001,22.0,False,False,False,False,True,False,False,False,False
2026-01-11,Devin Booker,PTS,22.796,27.5,0,-4.704000000000001,17.0,False,False,False,False,True,False,False,False,False
2026-01-11,Aaron Gordon,PTS,11.81,17.5,0,-5.6899999999999995,23.0,False,False,False,False,True,False,False,False,False
2026-01-11,Jalen Brunson,PTS,21.149,28.5,0,-7.350999999999999,26.0,False,False,False,False,True,False,False,False,False
2026-01-11,Alperen Sengun,PTS,12.181,20.0,0,-7.819000000000001,19.0,False,False,False,False,True,False,False,False,False
2026-01-11,Cam Thomas,PTS,11.48,19.5,0,-8.02,9.0,False,False,False,False,True,False,False,False,False
2026-01-11,Shai Gilgeous-Alexander,PTS,20.213,30.5,0,-10.287,29.0,False,False,False,False,True,False,False,False,False
2026-01-11,Brandon Ingram,PTS,12.245,23.5,0,-11.255,0.0,False,False,False,False,True,False,False,False,False
2026-01-12,Collin Murray-Boyles,PRA,24.356,18.5,0,5.856000000000002,25.0,False,False,False,True,False,False,False,False,False
2026-01-12,Precious Achiuwa,PR,17.767,12.5,0,5.2669999999999995,16.0,False,False,True,False,False,False,False,False,False
2026-01-12,Collin Murray-Boyles,PR,21.708,16.5,0,5.207999999999998,19.0,False,False,True,False,False,False,False,False,False
2026-01-12,Day'Ron Sharpe,PR,18.498,13.5,0,4.998000000000001,26.0,False,False,True,False,False,False,False,False,False
2026-01-12,Collin Murray-Boyles,PTS,13.453,8.5,0,4.952999999999999,12.0,False,False,False,False,True,False,False,False,False
2026-01-12,Precious Achiuwa,PTS,12.113,7.5,0,4.6129999999999995,9.0,False,False,False,False,True,False,False,False,False
2026-01-12,Collin Murray-Boyles,PA,16.101,11.5,0,4.600999999999999,18.0,False,True,False,False,False,False,False,False,False
2026-01-12,Tyrese Maxey,PR,36.005,31.5,0,4.505000000000003,37.0,False,False,True,False,False,False,False,False,False
2026-01-12,Day'Ron Sharpe,PTS,10.605,6.5,0,4.105,14.0,False,False,False,False,True,False,False,False,False
2026-01-12,Tyrese Maxey,PRA,41.574,37.5,0,4.073999999999998,39.0,False,False,False,True,False,False,False,False,False
2026-01-12,Jake LaRavia,PR,19.395,15.5,0,3.895,4.0,False,False,True,False,False,False,False,False,False
2026-01-12,Jake LaRavia,PTS,14.325,10.5,0,3.8249999999999993,2.0,False,False,False,False,True,False,False,False,False
2026-01-12,Lauri Markkanen,PRA,39.238,35.5,0,3.737999999999999,42.0,False,False,False,True,False,False,False,False,False
2026-01-12,Sam Merrill,PTS,15.131,11.5,0,3.631,14.0,False,False,False,False,True,False,False,False,False
2026-01-12,Tyrese Maxey,PTS,30.978,27.5,0,3.4780000000000015,33.0,False,False,False,False,True,False,False,False,False
2026-01-12,Terance Mann,PA,12.739,9.5,0,3.2390000000000008,11.0,False,True,False,False,False,False,False,False,False
2026-01-12,Lauri Markkanen,RA,12.168,9.0,0,3.1679999999999993,14.0,False,False,False,False,False,True,False,False,False
2026-01-12,Sam Merrill,PR,17.615,14.5,0,3.1149999999999984,16.0,False,False,True,False,False,False,False,False,False
2026-01-12,Tyrese Maxey,PA,36.546,33.5,0,3.0459999999999994,35.0,False,True,False,False,False,False,False,False,False
2026-01-12,Danny Wolf,PRA,15.507,12.5,0,3.0069999999999997,8.0,False,False,False,True,False,False,False,False,False
2026-01-12,Nique Clifford,PTS,9.377,6.5,0,2.8770000000000007,0.0,False,False,False,False,True,False,False,False,False
2026-01-12,John Collins,PA,19.161,16.5,0,2.661000000000002,4.0,False,True,False,False,False,False,False,False,False
2026-01-12,Jake LaRavia,PRA,21.132,18.5,0,2.6320000000000014,7.0,False,False,False,True,False,False,False,False,False
2026-01-12,Jarred Vanderbilt,PA,9.115,6.5,0,2.615,0.0,False,True,False,False,False,False,False,False,False
2026-01-12,Sam Merrill,PRA,19.05,16.5,0,2.5500000000000007,19.0,False,False,False,True,False,False,False,False,False
2026-01-12,Terance Mann,PTS,9.013,6.5,0,2.513,5.0,False,False,False,False,True,False,False,False,False
2026-01-12,Jaxson Hayes,PR,13.002,10.5,0,2.5020000000000007,17.0,False,False,True,False,False,False,False,False,False
2026-01-12,Johnny Furphy,PA,9.869,7.5,0,2.369,5.0,False,True,False,False,False,False,False,False,False
2026-01-12,Danny Wolf,PR,13.816,11.5,0,2.3160000000000007,7.0,False,False,True,False,False,False,False,False,False
2026-01-12,Lauri Markkanen,PA,30.731,28.5,0,2.2310000000000016,30.0,False,True,False,False,False,False,False,False,False
2026-01-12,Ryan Kalkbrenner,PA,9.722,7.5,0,2.2219999999999995,2.0,False,True,False,False,False,False,False,False,False
2026-01-12,Terance Mann,PR,11.678,9.5,0,2.178000000000001,8.0,False,False,True,False,False,False,False,False,False
2026-01-12,Darius Garland,PR,22.605,20.5,0,2.1050000000000004,25.0,False,False,True,False,False,False,False,False,False
2026-01-12,Ryan Kalkbrenner,PR,14.594,12.5,0,2.0939999999999994,2.0,False,False,True,False,False,False,False,False,False
2026-01-12,DeMar DeRozan,PA,25.589,23.5,0,2.088999999999998,38.0,False,True,False,False,False,False,False,False,False
2026-01-12,Lauri Markkanen,PR,35.578,33.5,0,2.078000000000003,40.0,False,False,True,False,False,False,False,False,False
2026-01-12,Sam Merrill,PA,16.566,14.5,0,2.065999999999999,17.0,False,True,False,False,False,False,False,False,False
2026-01-12,Jarred Vanderbilt,PTS,7.456,5.5,0,1.9560000000000004,0.0,False,False,False,False,True,False,False,False,False
2026-01-12,Ryan Kalkbrenner,PTS,8.423,6.5,0,1.923,2.0,False,False,False,False,True,False,False,False,False
2026-01-12,Danny Wolf,RA,7.369,5.5,0,1.869,5.0,False,False,False,False,False,True,False,False,False
2026-01-12,Sandro Mamukelashvili,PRA,17.356,15.5,0,1.8560000000000016,12.0,False,False,False,True,False,False,False,False,False
2026-01-12,DeMar DeRozan,PRA,29.3,27.5,0,1.8000000000000007,40.0,False,False,False,True,False,False,False,False,False
2026-01-12,John Collins,PTS,17.249,15.5,0,1.7489999999999988,3.0,False,False,False,False,True,False,False,False,False
2026-01-12,John Collins,PRA,24.245,22.5,0,1.745000000000001,9.0,False,False,False,True,False,False,False,False,False
2026-01-12,Andrew Nembhard,PRA,29.207,27.5,0,1.7070000000000007,28.0,False,False,False,True,False,False,False,False,False
2026-01-12,Brandon Miller,RA,8.699,7.0,0,1.6989999999999998,11.0,False,False,False,False,False,True,False,False,False
2026-01-12,Gabe Vincent,PTS,5.185,3.5,0,1.6849999999999996,9.0,False,False,False,False,True,False,False,False,False
2026-01-12,Day'Ron Sharpe,RA,10.14,8.5,0,1.6400000000000006,12.0,False,False,False,False,False,True,False,False,False
2026-01-12,Danny Wolf,PTS,8.138,6.5,0,1.638,3.0,False,False,False,False,True,False,False,False,False
2026-01-12,VJ Edgecombe,PRA,26.127,24.5,0,1.626999999999999,25.0,False,False,False,True,False,False,False,False,False
2026-01-12,DeMar DeRozan,PTS,21.03,19.5,0,1.5300000000000011,32.0,False,False,False,False,True,False,False,False,False
2026-01-12,Andrew Nembhard,PR,22.024,20.5,0,1.524000000000001,19.0,False,False,True,False,False,False,False,False,False
2026-01-12,Max Christie,PA,16.97,15.5,0,1.4699999999999989,12.0,False,True,False,False,False,False,False,False,False
2026-01-12,Max Christie,PTS,14.964,13.5,0,1.4640000000000004,10.0,False,False,False,False,True,False,False,False,False
2026-01-12,Jarrett Allen,RA,12.916,11.5,0,1.4160000000000004,7.0,False,False,False,False,False,True,False,False,False
2026-01-12,Precious Achiuwa,RA,7.904,6.5,0,1.404,7.0,False,False,False,False,False,True,False,False,False
2026-01-12,Andrew Nembhard,PA,25.903,24.5,0,1.4029999999999987,22.0,False,True,False,False,False,False,False,False,False
2026-01-12,Day'Ron Sharpe,REB,7.894,6.5,0,1.394,12.0,False,False,False,False,False,False,True,False,False
2026-01-12,Brandon Miller,REB,5.38,4.0,0,1.38,6.0,False,False,False,False,False,False,True,False,False
2026-01-12,VJ Edgecombe,PTS,15.858,14.5,0,1.3580000000000003,15.0,False,False,False,False,True,False,False,False,False
2026-01-12,Jay Huff,PR,13.855,12.5,0,1.3550000000000004,23.0,False,False,True,False,False,False,False,False,False
2026-01-12,Paul George,RA,9.811,8.5,0,1.311,10.0,False,False,False,False,False,True,False,False,False
2026-01-12,Rui Hachimura,PR,11.793,10.5,0,1.2929999999999993,0.0,False,False,True,False,False,False,False,False,False
2026-01-12,Sandro Mamukelashvili,PR,15.785,14.5,0,1.285,10.0,False,False,True,False,False,False,False,False,False
2026-01-12,VJ Edgecombe,PA,20.776,19.5,0,1.2759999999999998,23.0,False,True,False,False,False,False,False,False,False
2026-01-12,DeMar DeRozan,PR,24.741,23.5,0,1.2409999999999997,34.0,False,False,True,False,False,False,False,False,False
2026-01-12,Andrew Nembhard,PTS,18.72,17.5,0,1.2199999999999989,13.0,False,False,False,False,True,False,False,False,False
2026-01-12,Johnny Furphy,PRA,14.659,13.5,0,1.1590000000000007,10.0,False,False,False,True,False,False,False,False,False
2026-01-12,VJ Edgecombe,STL,2.652,1.5,0,1.152,1.0,False,False,False,False,False,False,False,True,False
2026-01-12,Miles Bridges,PR,26.639,25.5,0,1.1389999999999991,17.0,False,False,True,False,False,False,False,False,False
2026-01-12,Jarrett Allen,PRA,25.611,24.5,0,1.1110000000000009,15.0,False,False,False,True,False,False,False,False,False
2026-01-12,Jarred Vanderbilt,PR,11.599,10.5,0,1.0990000000000002,4.0,False,False,True,False,False,False,False,False,False
2026-01-12,Darius Garland,PTS,19.593,18.5,0,1.093,23.0,False,False,False,False,True,False,False,False,False
2026-01-12,Kris Dunn,PTS,8.537,7.5,0,1.0370000000000008,0.0,False,False,False,False,True,False,False,False,False
2026-01-12,Sandro Mamukelashvili,REB,6.504,5.5,0,1.0039999999999996,2.0,False,False,False,False,False,False,True,False,False
2026-01-12,Derrick White,REB,6.003,5.0,0,1.003,4.0,False,False,False,False,False,False,True,False,False
2026-01-12,Rui Hachimura,REB,3.483,2.5,0,0.983,0.0,False,False,False,False,False,False,True,False,False
2026-01-12,Aaron Nesmith,RA,8.474,7.5,0,0.9740000000000002,7.0,False,False,False,False,False,True,False,False,False
2026-01-12,Russell Westbrook,PR,22.453,21.5,0,0.9529999999999994,27.0,False,False,True,False,False,False,False,False,False
2026-01-12,LaMelo Ball,PTS,19.437,18.5,0,0.9370000000000012,25.0,False,False,False,False,True,False,False,False,False
2026-01-12,Kris Dunn,PA,13.398,12.5,0,0.8979999999999997,0.0,False,True,False,False,False,False,False,False,False
2026-01-12,Russell Westbrook,PTS,16.334,15.5,0,0.8339999999999996,22.0,False,False,False,False,True,False,False,False,False
2026-01-12,John Collins,PR,22.333,21.5,0,0.8329999999999984,8.0,False,False,True,False,False,False,False,False,False
2026-01-12,Max Christie,PRA,20.315,19.5,0,0.8150000000000013,17.0,False,False,False,True,False,False,False,False,False
2026-01-12,Rui Hachimura,PTS,8.31,7.5,0,0.8100000000000005,0.0,False,False,False,False,True,False,False,False,False
2026-01-12,Max Christie,PR,18.308,17.5,0,0.8079999999999998,15.0,False,False,True,False,False,False,False,False,False
2026-01-12,Daniel Gafford,RA,9.307,8.5,0,0.8070000000000004,0.0,False,False,False,False,False,True,False,False,False
2026-01-12,Sandro Mamukelashvili,PTS,9.281,8.5,0,0.7810000000000006,8.0,False,False,False,False,True,False,False,False,False
2026-01-12,DeMar DeRozan,RA,8.27,7.5,0,0.7699999999999996,8.0,False,False,False,False,False,True,False,False,False
2026-01-12,VJ Edgecombe,RA,10.269,9.5,0,0.7690000000000001,10.0,False,False,False,False,False,True,False,False,False
2026-01-12,Jay Huff,PTS,9.253,8.5,0,0.7530000000000001,20.0,False,False,False,False,True,False,False,False,False
2026-01-12,VJ Edgecombe,PR,21.208,20.5,0,0.7079999999999984,17.0,False,False,True,False,False,False,False,False,False
2026-01-12,Jay Huff,PRA,15.199,14.5,0,0.6989999999999998,25.0,False,False,False,True,False,False,False,False,False
2026-01-12,Brice Sensabaugh,RA,6.184,5.5,0,0.6840000000000002,1.0,False,False,False,False,False,True,False,False,False
2026-01-12,Ryan Kalkbrenner,REB,6.172,5.5,0,0.6719999999999997,0.0,False,False,False,False,False,False,True,False,False
2026-01-12,Jay Huff,REB,4.602,4.0,0,0.6020000000000003,3.0,False,False,False,False,False,False,True,False,False
2026-01-12,Paul George,PR,20.099,19.5,0,0.5990000000000002,19.0,False,False,True,False,False,False,False,False,False
2026-01-12,Lauri Markkanen,PTS,27.07,26.5,0,0.5700000000000003,28.0,False,False,False,False,True,False,False,False,False
2026-01-12,Paul George,PA,18.046,17.5,0,0.5459999999999994,21.0,False,True,False,False,False,False,False,False,False
2026-01-12,Darius Garland,PRA,29.043,28.5,0,0.5429999999999993,33.0,False,False,False,True,False,False,False,False,False
2026-01-12,Joel Embiid,STL,1.035,0.5,0,0.5349999999999999,2.0,False,False,False,False,False,False,False,True,False
2026-01-12,Darius Garland,PA,26.031,25.5,0,0.5309999999999988,31.0,False,True,False,False,False,False,False,False,False
2026-01-12,RJ Barrett,PTS,19.004,18.5,0,0.5040000000000013,0.0,False,False,False,False,True,False,False,False,False
2026-01-12,Miles Bridges,RA,10.497,10.0,0,0.4969999999999999,7.0,False,False,False,False,False,True,False,False,False
2026-01-12,Ryan Nembhard,STL,0.987,0.5,0,0.487,0.0,False,False,False,False,False,False,False,True,False
2026-01-12,Jarrett Allen,PR,22.982,22.5,0,0.4819999999999993,12.0,False,False,True,False,False,False,False,False,False
2026-01-12,RJ Barrett,STL,0.98,0.5,0,0.48,0.0,False,False,False,False,False,False,False,True,False
2026-01-12,Paul George,PRA,23.978,23.5,0,0.4780000000000015,25.0,False,False,False,True,False,False,False,False,False
2026-01-12,Noah Clowney,AST,1.969,1.5,0,0.4690000000000001,2.0,True,False,False,False,False,False,False,False,False
2026-01-12,Collin Sexton,STL,0.961,0.5,0,0.4609999999999999,0.0,False,False,False,False,False,False,False,True,False
2026-01-12,Jay Huff,RA,5.947,5.5,0,0.447,5.0,False,False,False,False,False,True,False,False,False
2026-01-12,Johnny Furphy,PR,12.931,12.5,0,0.4309999999999991,9.0,False,False,True,False,False,False,False,False,False
2026-01-12,Ivica Zubac,STL,0.929,0.5,0,0.429,0.0,False,False,False,False,False,False,False,True,False
2026-01-12,Aaron Nesmith,STL,0.917,0.5,0,0.417,0.0,False,False,False,False,False,False,False,True,False
2026-01-12,Joel Embiid,PA,28.904,28.5,0,0.4039999999999999,31.0,False,True,False,False,False,False,False,False,False
2026-01-12,Klay Thompson,STL,0.879,0.5,0,0.379,1.0,False,False,False,False,False,False,False,True,False
2026-01-12,Sandro Mamukelashvili,PA,10.852,10.5,0,0.3520000000000003,10.0,False,True,False,False,False,False,False,False,False
2026-01-12,Sandro Mamukelashvili,STL,0.845,0.5,0,0.345,0.0,False,False,False,False,False,False,False,True,False
2026-01-12,Kris Dunn,PRA,15.842,15.5,0,0.3420000000000005,2.0,False,False,False,True,False,False,False,False,False
2026-01-12,Klay Thompson,RA,4.822,4.5,0,0.322,3.0,False,False,False,False,False,True,False,False,False
2026-01-12,Miles Bridges,STL,0.706,0.5,0,0.2059999999999999,0.0,False,False,False,False,False,False,False,True,False
2026-01-12,Miles Bridges,PRA,29.69,29.5,0,0.1900000000000012,18.0,False,False,False,True,False,False,False,False,False
2026-01-12,Johnny Furphy,STL,0.67,0.5,0,0.17,1.0,False,False,False,False,False,False,False,True,False
2026-01-12,Pascal Siakam,RA,10.657,10.5,0,0.157,14.0,False,False,False,False,False,True,False,False,False
2026-01-12,Scottie Barnes,PA,23.655,23.5,0,0.1550000000000011,18.0,False,True,False,False,False,False,False,False,False
2026-01-12,Sam Hauser,AST,1.653,1.5,0,0.153,1.0,True,False,False,False,False,False,False,False,False
2026-01-12,Ryan Kalkbrenner,STL,0.651,0.5,0,0.151,0.0,False,False,False,False,False,False,False,True,False
2026-01-12,Dominick Barlow,STL,0.615,0.5,0,0.1149999999999999,0.0,False,False,False,False,False,False,False,True,False
2026-01-12,Jay Huff,PA,10.597,10.5,0,0.0969999999999995,22.0,False,True,False,False,False,False,False,False,False
2026-01-12,LaMelo Ball,PR,23.568,23.5,0,0.0680000000000013,34.0,False,False,True,False,False,False,False,False,False
2026-01-12,Joel Embiid,RA,12.559,12.5,0,0.0589999999999992,12.0,False,False,False,False,False,True,False,False,False
2026-01-12,Brandon Ingram,STL,0.541,0.5,0,0.041,0.0,False,False,False,False,False,False,False,True,False
2026-01-12,Kawhi Leonard,RA,9.533,9.5,0,0.0329999999999994,8.0,False,False,False,False,False,True,False,False,False
2026-01-12,Johnny Furphy,RA,6.518,6.5,0,0.0179999999999997,6.0,False,False,False,False,False,True,False,False,False
2026-01-12,Payton Pritchard,REB,5.007,5.0,0,0.0069999999999996,4.0,False,False,False,False,False,False,True,False,False
2026-01-12,Nicolas Batum,PTS,5.502,5.5,0,0.0019999999999997,7.0,False,False,False,False,True,False,False,False,False
2026-01-12,Scottie Barnes,PTS,18.49,18.5,0,-0.0100000000000015,15.0,False,False,False,False,True,False,False,False,False
2026-01-12,Sam Merrill,REB,2.484,2.5,0,-0.016,2.0,False,False,False,False,False,False,True,False,False
2026-01-12,Quentin Grimes,PTS,10.467,10.5,0,-0.0329999999999994,6.0,False,False,False,False,True,False,False,False,False
2026-01-12,Darius Garland,RA,9.45,9.5,0,-0.0500000000000007,10.0,False,False,False,False,False,True,False,False,False
2026-01-12,Kris Dunn,STL,1.44,1.5,0,-0.06,0.0,False,False,False,False,False,False,False,True,False
2026-01-12,Terance Mann,RA,6.392,6.5,0,-0.1079999999999996,9.0,False,False,False,False,False,True,False,False,False
2026-01-12,Jaylon Tyson,PTS,9.388,9.5,0,-0.1120000000000001,11.0,False,False,False,False,True,False,False,False,False
2026-01-12,Noah Clowney,REB,4.366,4.5,0,-0.1340000000000003,2.0,False,False,False,False,False,False,True,False,False
2026-01-12,Jay Huff,AST,1.345,1.5,0,-0.155,2.0,True,False,False,False,False,False,False,False,False
2026-01-12,Pascal Siakam,AST,3.338,3.5,0,-0.1619999999999999,6.0,True,False,False,False,False,False,False,False,False
2026-01-12,Jarrett Allen,PA,15.323,15.5,0,-0.1769999999999996,11.0,False,True,False,False,False,False,False,False,False
2026-01-12,Anfernee Simons,REB,2.315,2.5,0,-0.185,3.0,False,False,False,False,False,False,True,False,False
2026-01-12,Quentin Grimes,PR,14.296,14.5,0,-0.2040000000000006,10.0,False,False,True,False,False,False,False,False,False
2026-01-12,Aaron Nesmith,REB,5.274,5.5,0,-0.2259999999999999,5.0,False,False,False,False,False,False,True,False,False
2026-01-12,Neemias Queta,PTS,10.235,10.5,0,-0.2650000000000005,15.0,False,False,False,False,True,False,False,False,False
2026-01-12,James Harden,AST,7.222,7.5,0,-0.2779999999999996,10.0,True,False,False,False,False,False,False,False,False
2026-01-12,Miles Bridges,PTS,19.194,19.5,0,-0.3060000000000009,11.0,False,False,False,False,True,False,False,False,False
2026-01-12,Neemias Queta,RA,10.181,10.5,0,-0.3190000000000008,10.0,False,False,False,False,False,True,False,False,False
2026-01-12,Paul George,PTS,14.167,14.5,0,-0.3330000000000002,15.0,False,False,False,False,True,False,False,False,False
2026-01-12,Scottie Barnes,AST,5.165,5.5,0,-0.3349999999999999,3.0,True,False,False,False,False,False,False,False,False
2026-01-12,Donovan Mitchell,RA,10.11,10.5,0,-0.3900000000000005,5.0,False,False,False,False,False,True,False,False,False
2026-01-12,DeMar DeRozan,STL,1.073,1.5,0,-0.427,3.0,False,False,False,False,False,False,False,True,False
2026-01-12,Russell Westbrook,PRA,28.072,28.5,0,-0.4280000000000008,34.0,False,False,False,True,False,False,False,False,False
2026-01-12,Cam Thomas,AST,2.048,2.5,0,-0.4519999999999999,0.0,True,False,False,False,False,False,False,False,False
2026-01-12,RJ Barrett,PA,22.019,22.5,0,-0.4810000000000016,0.0,False,True,False,False,False,False,False,False,False
2026-01-12,RJ Barrett,AST,3.014,3.5,0,-0.4860000000000002,0.0,True,False,False,False,False,False,False,False,False
2026-01-12,Brook Lopez,TO,0.0,0.5,0,-0.5,0.0,False,False,False,False,False,False,False,False,True
2026-01-12,Rui Hachimura,TO,0.0,0.5,0,-0.5,0.0,False,False,False,False,False,False,False,False,True
2026-01-12,Jaxson Hayes,TO,0.0,0.5,0,-0.5,0.0,False,False,False,False,False,False,False,False,True
2026-01-12,Ryan Kalkbrenner,TO,0.0,0.5,0,-0.5,0.0,False,False,False,False,False,False,False,False,True
2026-01-12,Collin Sexton,PRA,17.996,18.5,0,-0.5040000000000013,0.0,False,False,False,True,False,False,False,False,False
2026-01-12,Collin Sexton,PR,14.993,15.5,0,-0.5069999999999997,0.0,False,False,True,False,False,False,False,False,False
2026-01-12,Anfernee Simons,RA,4.987,5.5,0,-0.5129999999999999,7.0,False,False,False,False,False,True,False,False,False
2026-01-12,Kris Dunn,PR,10.982,11.5,0,-0.5180000000000007,2.0,False,False,True,False,False,False,False,False,False
2026-01-12,Russell Westbrook,PA,21.953,22.5,0,-0.5470000000000006,29.0,False,True,False,False,False,False,False,False,False
2026-01-12,Joel Embiid,PRA,36.934,37.5,0,-0.5660000000000025,39.0,False,False,False,True,False,False,False,False,False
2026-01-12,Neemias Queta,REB,8.898,9.5,0,-0.6020000000000003,8.0,False,False,False,False,False,False,True,False,False
2026-01-12,Max Christie,REB,3.345,4.0,0,-0.6549999999999998,5.0,False,False,False,False,False,False,True,False,False
2026-01-12,Brandon Ingram,REB,4.825,5.5,0,-0.6749999999999998,10.0,False,False,False,False,False,False,True,False,False
2026-01-12,Sam Hauser,PTS,9.82,10.5,0,-0.6799999999999997,8.0,False,False,False,False,True,False,False,False,False
2026-01-12,Noah Clowney,PR,16.809,17.5,0,-0.690999999999999,15.0,False,False,True,False,False,False,False,False,False
2026-01-12,Quentin Grimes,PA,12.809,13.5,0,-0.6910000000000007,8.0,False,True,False,False,False,False,False,False,False
2026-01-12,Jarred Vanderbilt,RA,5.802,6.5,0,-0.6980000000000004,4.0,False,False,False,False,False,True,False,False,False
2026-01-12,Aaron Nesmith,PA,17.785,18.5,0,-0.7149999999999999,8.0,False,True,False,False,False,False,False,False,False
2026-01-12,Noah Clowney,PRA,18.778,19.5,0,-0.7220000000000013,17.0,False,False,False,True,False,False,False,False,False
2026-01-12,Brandon Miller,PR,21.701,22.5,0,-0.7989999999999995,19.0,False,False,True,False,False,False,False,False,False
2026-01-12,Jarrett Allen,PTS,12.695,13.5,0,-0.8049999999999997,8.0,False,False,False,False,True,False,False,False,False
2026-01-12,Jarred Vanderbilt,REB,4.143,5.0,0,-0.8570000000000002,4.0,False,False,False,False,False,False,True,False,False
2026-01-12,Quentin Grimes,PRA,16.637,17.5,0,-0.8629999999999995,12.0,False,False,False,True,False,False,False,False,False
2026-01-12,Scottie Barnes,PR,25.622,26.5,0,-0.8780000000000001,19.0,False,False,True,False,False,False,False,False,False
2026-01-12,Jaylon Tyson,RA,5.615,6.5,0,-0.8849999999999998,6.0,False,False,False,False,False,True,False,False,False
2026-01-12,LeBron James,PTS,21.6,22.5,0,-0.8999999999999986,22.0,False,False,False,False,True,False,False,False,False
2026-01-12,Maxime Raynaud,REB,6.539,7.5,0,-0.9610000000000004,4.0,False,False,False,False,False,False,True,False,False
2026-01-12,Neemias Queta,PA,11.518,12.5,0,-0.9819999999999992,17.0,False,True,False,False,False,False,False,False,False
2026-01-12,Sam Hauser,PA,11.473,12.5,0,-1.0269999999999992,9.0,False,True,False,False,False,False,False,False,False
2026-01-12,Anfernee Simons,PTS,14.457,15.5,0,-1.0429999999999993,16.0,False,False,False,False,True,False,False,False,False
2026-01-12,Noah Clowney,PTS,12.444,13.5,0,-1.0559999999999992,13.0,False,False,False,False,True,False,False,False,False
2026-01-12,Immanuel Quickley,PA,23.415,24.5,0,-1.0850000000000009,18.0,False,True,False,False,False,False,False,False,False
2026-01-12,Noah Clowney,PA,14.413,15.5,0,-1.0869999999999995,15.0,False,True,False,False,False,False,False,False,False
2026-01-12,Immanuel Quickley,PTS,17.407,18.5,0,-1.093,18.0,False,False,False,False,True,False,False,False,False
2026-01-12,Ryan Nembhard,PR,12.402,13.5,0,-1.0980000000000008,10.0,False,False,True,False,False,False,False,False,False
2026-01-12,LeBron James,AST,5.88,7.0,0,-1.12,3.0,True,False,False,False,False,False,False,False,False
2026-01-12,Collin Sexton,PA,15.378,16.5,0,-1.122,0.0,False,True,False,False,False,False,False,False,False
2026-01-12,Joel Embiid,PTS,24.375,25.5,0,-1.125,27.0,False,False,False,False,True,False,False,False,False
2026-01-12,RJ Barrett,PRA,26.357,27.5,0,-1.143000000000001,0.0,False,False,False,True,False,False,False,False,False
2026-01-12,Max Christie,RA,5.351,6.5,0,-1.149,7.0,False,False,False,False,False,True,False,False,False
2026-01-12,RJ Barrett,PR,23.343,24.5,0,-1.157,0.0,False,False,True,False,False,False,False,False,False
2026-01-12,James Harden,PTS,23.301,24.5,0,-1.1990000000000016,32.0,False,False,False,False,True,False,False,False,False
2026-01-12,Scottie Barnes,RA,12.297,13.5,0,-1.2029999999999994,7.0,False,False,False,False,False,True,False,False,False
2026-01-12,Evan Mobley,PTS,18.256,19.5,0,-1.2439999999999998,15.0,False,False,False,False,True,False,False,False,False
2026-01-12,James Harden,RA,11.255,12.5,0,-1.2449999999999992,14.0,False,False,False,False,False,True,False,False,False
2026-01-12,Miles Bridges,PA,22.245,23.5,0,-1.254999999999999,12.0,False,True,False,False,False,False,False,False,False
2026-01-12,LeBron James,RA,12.243,13.5,0,-1.2569999999999997,7.0,False,False,False,False,False,True,False,False,False
2026-01-12,Pascal Siakam,PTS,23.228,24.5,0,-1.2719999999999985,21.0,False,False,False,False,True,False,False,False,False
2026-01-12,Neemias Queta,PR,19.132,20.5,0,-1.3679999999999986,23.0,False,False,True,False,False,False,False,False,False
2026-01-12,Anfernee Simons,PA,17.129,18.5,0,-1.3709999999999989,20.0,False,True,False,False,False,False,False,False,False
2026-01-12,Jaylon Tyson,PA,11.091,12.5,0,-1.4090000000000007,13.0,False,True,False,False,False,False,False,False,False
2026-01-12,Aaron Nesmith,PRA,23.059,24.5,0,-1.440999999999999,13.0,False,False,False,True,False,False,False,False,False
2026-01-12,Daniel Gafford,PR,17.026,18.5,0,-1.4740000000000002,0.0,False,False,True,False,False,False,False,False,False
2026-01-12,Brandon Miller,PRA,25.02,26.5,0,-1.4800000000000004,24.0,False,False,False,True,False,False,False,False,False
2026-01-12,Noah Clowney,TO,0.0,1.5,0,-1.5,0.0,False,False,False,False,False,False,False,False,True
2026-01-12,DeMar DeRozan,TO,0.0,1.5,0,-1.5,0.0,False,False,False,False,False,False,False,False,True
2026-01-12,Naji Marshall,TO,0.0,1.5,0,-1.5,0.0,False,False,False,False,False,False,False,False,True
2026-01-12,Collin Sexton,TO,0.0,1.5,0,-1.5,0.0,False,False,False,False,False,False,False,False,True
2026-01-12,VJ Edgecombe,TO,0.0,1.5,0,-1.5,0.0,False,False,False,False,False,False,False,False,True
2026-01-12,LeBron James,PR,27.963,29.5,0,-1.536999999999999,26.0,False,False,True,False,False,False,False,False,False
2026-01-12,Cooper Flagg,RA,10.906,12.5,0,-1.5939999999999994,10.0,False,False,False,False,False,True,False,False,False
2026-01-12,Evan Mobley,PA,21.897,23.5,0,-1.6030000000000015,23.0,False,True,False,False,False,False,False,False,False
2026-01-12,Sam Hauser,PR,12.891,14.5,0,-1.609,16.0,False,False,True,False,False,False,False,False,False
2026-01-12,Pascal Siakam,PRA,33.884,35.5,0,-1.6159999999999997,35.0,False,False,False,True,False,False,False,False,False
2026-01-12,Maxime Raynaud,RA,7.876,9.5,0,-1.6239999999999997,5.0,False,False,False,False,False,True,False,False,False
2026-01-12,Cam Thomas,PTS,12.87,14.5,0,-1.6300000000000008,0.0,False,False,False,False,True,False,False,False,False
2026-01-12,Klay Thompson,PRA,15.787,17.5,0,-1.7129999999999992,21.0,False,False,False,True,False,False,False,False,False
2026-01-12,Scottie Barnes,PRA,30.787,32.5,0,-1.713000000000001,22.0,False,False,False,True,False,False,False,False,False
2026-01-12,Klay Thompson,PA,12.776,14.5,0,-1.7240000000000002,19.0,False,True,False,False,False,False,False,False,False
2026-01-12,Anfernee Simons,PR,16.772,18.5,0,-1.7280000000000015,19.0,False,False,True,False,False,False,False,False,False
2026-01-12,Russell Westbrook,RA,11.739,13.5,0,-1.7609999999999992,12.0,False,False,False,False,False,True,False,False,False
2026-01-12,Daniel Gafford,PA,9.724,11.5,0,-1.7759999999999998,0.0,False,True,False,False,False,False,False,False,False
2026-01-12,Daniel Gafford,PTS,8.721,10.5,0,-1.779,0.0,False,False,False,False,True,False,False,False,False
2026-01-12,Marcus Smart,PTS,7.672,9.5,0,-1.8280000000000003,1.0,False,False,False,False,True,False,False,False,False
2026-01-12,Payton Pritchard,RA,10.142,12.0,0,-1.8580000000000003,12.0,False,False,False,False,False,True,False,False,False
2026-01-12,Brandon Miller,PA,19.64,21.5,0,-1.8599999999999992,18.0,False,True,False,False,False,False,False,False,False
2026-01-12,Kon Knueppel,RA,6.136,8.0,0,-1.864,9.0,False,False,False,False,False,True,False,False,False
2026-01-12,Brice Sensabaugh,PA,12.586,14.5,0,-1.9139999999999997,8.0,False,True,False,False,False,False,False,False,False
2026-01-12,Aaron Nesmith,PTS,14.585,16.5,0,-1.9149999999999991,6.0,False,False,False,False,True,False,False,False,False
2026-01-12,Pascal Siakam,PA,26.565,28.5,0,-1.9349999999999987,27.0,False,True,False,False,False,False,False,False,False
2026-01-12,Brook Lopez,PTS,3.564,5.5,0,-1.936,9.0,False,False,False,False,True,False,False,False,False
2026-01-12,Pascal Siakam,PR,30.546,32.5,0,-1.9540000000000008,29.0,False,False,True,False,False,False,False,False,False
2026-01-12,Sam Hauser,PRA,14.544,16.5,0,-1.9559999999999995,17.0,False,False,False,True,False,False,False,False,False
2026-01-12,James Harden,PA,30.523,32.5,0,-1.9770000000000003,42.0,False,True,False,False,False,False,False,False,False
2026-01-12,Keyonte George,RA,8.518,10.5,0,-1.981999999999999,14.0,False,False,False,False,False,True,False,False,False
2026-01-12,Brook Lopez,PA,4.497,6.5,0,-2.003,10.0,False,True,False,False,False,False,False,False,False
2026-01-12,Marcus Smart,PA,10.494,12.5,0,-2.006,3.0,False,True,False,False,False,False,False,False,False
2026-01-12,Marcus Smart,PR,11.485,13.5,0,-2.015000000000001,3.0,False,False,True,False,False,False,False,False,False
2026-01-12,Cam Thomas,PRA,17.456,19.5,0,-2.0440000000000005,0.0,False,False,False,True,False,False,False,False,False
2026-01-12,Anfernee Simons,PRA,19.444,21.5,0,-2.056000000000001,23.0,False,False,False,True,False,False,False,False,False
2026-01-12,Brice Sensabaugh,PRA,16.419,18.5,0,-2.0809999999999995,8.0,False,False,False,True,False,False,False,False,False
2026-01-12,Neemias Queta,PRA,20.416,22.5,0,-2.0839999999999996,25.0,False,False,False,True,False,False,False,False,False
2026-01-12,Cam Thomas,PR,15.408,17.5,0,-2.0920000000000005,0.0,False,False,True,False,False,False,False,False,False
2026-01-12,Joel Embiid,PR,32.405,34.5,0,-2.094999999999999,35.0,False,False,True,False,False,False,False,False,False
2026-01-12,Brandon Miller,PTS,16.321,18.5,0,-2.1789999999999985,13.0,False,False,False,False,True,False,False,False,False
2026-01-12,Marcus Smart,PRA,14.308,16.5,0,-2.192,5.0,False,False,False,True,False,False,False,False,False
2026-01-12,Brandon Ingram,RA,6.303,8.5,0,-2.197,17.0,False,False,False,False,False,True,False,False,False
2026-01-12,Brice Sensabaugh,PTS,10.235,12.5,0,-2.265000000000001,7.0,False,False,False,False,True,False,False,False,False
2026-01-12,Immanuel Quickley,PRA,26.197,28.5,0,-2.303000000000001,24.0,False,False,False,True,False,False,False,False,False
2026-01-12,Immanuel Quickley,PR,20.189,22.5,0,-2.311,24.0,False,False,True,False,False,False,False,False,False
2026-01-12,Brice Sensabaugh,PR,14.068,16.5,0,-2.4320000000000004,7.0,False,False,True,False,False,False,False,False,False
2026-01-12,Brook Lopez,PR,6.051,8.5,0,-2.449,13.0,False,False,True,False,False,False,False,False,False
2026-01-12,Ivica Zubac,REB,8.547,11.0,0,-2.4529999999999994,11.0,False,False,False,False,False,False,True,False,False
2026-01-12,Naji Marshall,REB,3.011,5.5,0,-2.489,4.0,False,False,False,False,False,False,True,False,False
2026-01-12,Jaylon Tyson,PRA,15.004,17.5,0,-2.4960000000000004,17.0,False,False,False,True,False,False,False,False,False
2026-01-12,Andrew Nembhard,TO,0.0,2.5,0,-2.5,0.0,False,False,False,False,False,False,False,False,True
2026-01-12,Brandon Ingram,TO,0.0,2.5,0,-2.5,0.0,False,False,False,False,False,False,False,False,True
2026-01-12,Scottie Barnes,TO,0.0,2.5,0,-2.5,0.0,False,False,False,False,False,False,False,False,True
2026-01-12,Tyrese Maxey,TO,0.0,2.5,0,-2.5,0.0,False,False,False,False,False,False,False,False,True
2026-01-12,Brandon Miller,TO,0.0,2.5,0,-2.5,0.0,False,False,False,False,False,False,False,False,True
2026-01-12,Brook Lopez,PRA,6.984,9.5,0,-2.516,14.0,False,False,False,True,False,False,False,False,False
2026-01-12,Donovan Mitchell,PR,30.981,33.5,0,-2.5189999999999984,24.0,False,False,True,False,False,False,False,False,False
2026-01-12,Klay Thompson,PR,13.977,16.5,0,-2.5229999999999997,20.0,False,False,True,False,False,False,False,False,False
2026-01-12,Klay Thompson,PTS,10.965,13.5,0,-2.535,18.0,False,False,False,False,True,False,False,False,False
2026-01-12,Cam Thomas,PA,14.917,17.5,0,-2.583,0.0,False,True,False,False,False,False,False,False,False
2026-01-12,Aaron Nesmith,PR,19.86,22.5,0,-2.640000000000001,11.0,False,False,True,False,False,False,False,False,False
2026-01-12,LeBron James,PRA,33.842,36.5,0,-2.6580000000000013,29.0,False,False,False,True,False,False,False,False,False
2026-01-12,LaMelo Ball,PA,23.835,26.5,0,-2.664999999999999,30.0,False,True,False,False,False,False,False,False,False
2026-01-12,Naji Marshall,RA,5.813,8.5,0,-2.6870000000000003,13.0,False,False,False,False,False,True,False,False,False
2026-01-12,Evan Mobley,REB,5.775,8.5,0,-2.7249999999999996,9.0,False,False,False,False,False,False,True,False,False
2026-01-12,Zach LaVine,PTS,16.704,19.5,0,-2.7959999999999994,19.0,False,False,False,False,True,False,False,False,False
2026-01-12,Ivica Zubac,RA,10.602,13.5,0,-2.8979999999999997,13.0,False,False,False,False,False,True,False,False,False
2026-01-12,Donovan Mitchell,PRA,36.586,39.5,0,-2.9140000000000015,26.0,False,False,False,True,False,False,False,False,False
2026-01-12,LaMelo Ball,RA,8.529,11.5,0,-2.971,14.0,False,False,False,False,False,True,False,False,False
2026-01-12,LeBron James,PA,27.479,30.5,0,-3.021000000000001,25.0,False,True,False,False,False,False,False,False,False
2026-01-12,Donovan Mitchell,PTS,26.477,29.5,0,-3.0229999999999997,21.0,False,False,False,False,True,False,False,False,False
2026-01-12,Evan Mobley,RA,9.416,12.5,0,-3.0839999999999996,17.0,False,False,False,False,False,True,False,False,False
2026-01-12,LaMelo Ball,AST,4.398,7.5,0,-3.1020000000000003,5.0,True,False,False,False,False,False,False,False,False
2026-01-12,Deandre Ayton,PTS,10.378,13.5,0,-3.122,13.0,False,False,False,False,True,False,False,False,False
2026-01-12,James Harden,PR,27.333,30.5,0,-3.1670000000000016,36.0,False,False,True,False,False,False,False,False,False
2026-01-12,Ryan Nembhard,AST,3.288,6.5,0,-3.212,8.0,True,False,False,False,False,False,False,False,False
2026-01-12,Zach LaVine,PA,19.165,22.5,0,-3.335000000000001,20.0,False,True,False,False,False,False,False,False,False
2026-01-12,Donovan Mitchell,PA,32.082,35.5,0,-3.4179999999999993,23.0,False,True,False,False,False,False,False,False,False
2026-01-12,Maxime Raynaud,PA,10.038,13.5,0,-3.4619999999999997,12.0,False,True,False,False,False,False,False,False,False
2026-01-12,LaMelo Ball,TO,0.0,3.5,0,-3.5,0.0,False,False,False,False,False,False,False,False,True
2026-01-12,LaMelo Ball,PRA,27.966,31.5,0,-3.533999999999999,39.0,False,False,False,True,False,False,False,False,False
2026-01-12,Ivica Zubac,PA,13.96,17.5,0,-3.539999999999999,11.0,False,True,False,False,False,False,False,False,False
2026-01-12,Ryan Nembhard,RA,5.935,9.5,0,-3.5650000000000004,9.0,False,False,False,False,False,True,False,False,False
2026-01-12,Ivica Zubac,PTS,11.906,15.5,0,-3.5939999999999994,9.0,False,False,False,False,True,False,False,False,False
2026-01-12,De'Andre Hunter,PRA,13.86,17.5,0,-3.640000000000001,5.0,False,False,False,True,False,False,False,False,False
2026-01-12,De'Andre Hunter,PA,9.843,13.5,0,-3.657,5.0,False,True,False,False,False,False,False,False,False
2026-01-12,De'Andre Hunter,PR,11.78,15.5,0,-3.7200000000000006,2.0,False,False,True,False,False,False,False,False,False
2026-01-12,De'Andre Hunter,PTS,7.764,11.5,0,-3.736,2.0,False,False,False,False,True,False,False,False,False
2026-01-12,Maxime Raynaud,PTS,8.7,12.5,0,-3.8000000000000007,11.0,False,False,False,False,True,False,False,False,False
2026-01-12,James Harden,PRA,34.555,38.5,0,-3.945,46.0,False,False,False,True,False,False,False,False,False
2026-01-12,Zach LaVine,PR,19.375,23.5,0,-4.125,23.0,False,False,True,False,False,False,False,False,False
2026-01-12,Malik Monk,PTS,8.325,12.5,0,-4.175000000000001,26.0,False,False,False,False,True,False,False,False,False
2026-01-12,Ryan Nembhard,PA,13.042,17.5,0,-4.458,17.0,False,True,False,False,False,False,False,False,False
2026-01-12,Evan Mobley,PR,24.03,28.5,0,-4.469999999999999,24.0,False,False,True,False,False,False,False,False,False
2026-01-12,Zach LaVine,PRA,21.836,26.5,0,-4.6640000000000015,24.0,False,False,False,True,False,False,False,False,False
2026-01-12,Cooper Flagg,PA,22.735,27.5,0,-4.765000000000001,32.0,False,True,False,False,False,False,False,False,False
2026-01-12,Naji Marshall,PTS,10.708,15.5,0,-4.792,22.0,False,False,False,False,True,False,False,False,False
2026-01-12,Ryan Nembhard,PRA,15.69,20.5,0,-4.8100000000000005,18.0,False,False,False,True,False,False,False,False,False
2026-01-12,Evan Mobley,PRA,27.672,32.5,0,-4.827999999999999,32.0,False,False,False,True,False,False,False,False,False
2026-01-12,Maxime Raynaud,PRA,16.577,21.5,0,-4.922999999999998,16.0,False,False,False,True,False,False,False,False,False
2026-01-12,Cooper Flagg,PTS,17.523,22.5,0,-4.977,27.0,False,False,False,False,True,False,False,False,False
2026-01-12,Ivica Zubac,PR,20.453,25.5,0,-5.047000000000001,20.0,False,False,True,False,False,False,False,False,False
2026-01-12,Malik Monk,PR,11.425,16.5,0,-5.074999999999999,27.0,False,False,True,False,False,False,False,False,False
2026-01-12,Maxime Raynaud,PR,15.239,20.5,0,-5.260999999999999,15.0,False,False,True,False,False,False,False,False,False
2026-01-12,Deandre Ayton,PR,17.198,22.5,0,-5.302,26.0,False,False,True,False,False,False,False,False,False
2026-01-12,Payton Pritchard,PTS,17.179,22.5,0,-5.3210000000000015,23.0,False,False,False,False,True,False,False,False,False
2026-01-12,Deandre Ayton,PRA,18.053,23.5,0,-5.446999999999999,27.0,False,False,False,True,False,False,False,False,False
2026-01-12,Derrick White,PR,23.985,29.5,0,-5.515000000000001,22.0,False,False,True,False,False,False,False,False,False
2026-01-12,Naji Marshall,PA,13.511,19.5,0,-5.989000000000001,31.0,False,True,False,False,False,False,False,False,False
2026-01-12,Payton Pritchard,PR,22.186,28.5,0,-6.314,27.0,False,False,True,False,False,False,False,False,False
2026-01-12,Malik Monk,PRA,13.074,19.5,0,-6.426,35.0,False,False,False,True,False,False,False,False,False
2026-01-12,Derrick White,PTS,17.983,24.5,0,-6.5169999999999995,18.0,False,False,False,False,True,False,False,False,False
2026-01-12,Malik Monk,PA,9.973,16.5,0,-6.526999999999999,34.0,False,True,False,False,False,False,False,False,False
2026-01-12,Kon Knueppel,PTS,11.845,18.5,0,-6.654999999999999,18.0,False,False,False,False,True,False,False,False,False
2026-01-12,Kon Knueppel,PR,15.672,22.5,0,-6.827999999999999,23.0,False,False,True,False,False,False,False,False,False
2026-01-12,Derrick White,PRA,28.645,35.5,0,-6.855,27.0,False,False,False,True,False,False,False,False,False
2026-01-12,Cooper Flagg,PRA,28.429,35.5,0,-7.0710000000000015,37.0,False,False,False,True,False,False,False,False,False
2026-01-12,Payton Pritchard,PA,22.313,29.5,0,-7.187000000000001,31.0,False,True,False,False,False,False,False,False,False
2026-01-12,Cooper Flagg,PR,23.217,30.5,0,-7.283000000000001,32.0,False,False,True,False,False,False,False,False,False
2026-01-12,Kon Knueppel,PA,14.153,21.5,0,-7.347,22.0,False,True,False,False,False,False,False,False,False
2026-01-12,Naji Marshall,PR,13.719,21.5,0,-7.781000000000001,26.0,False,False,True,False,False,False,False,False,False
2026-01-12,Derrick White,PA,22.642,30.5,0,-7.858,23.0,False,True,False,False,False,False,False,False,False
2026-01-12,Naji Marshall,PRA,16.522,24.5,0,-7.9780000000000015,35.0,False,False,False,True,False,False,False,False,False
2026-01-12,Brandon Ingram,PTS,12.401,20.5,0,-8.099,17.0,False,False,False,False,True,False,False,False,False
2026-01-12,Payton Pritchard,PRA,27.321,35.5,0,-8.178999999999998,35.0,False,False,False,True,False,False,False,False,False
2026-01-12,Keyonte George,PTS,14.108,22.5,0,-8.392,32.0,False,False,False,False,True,False,False,False,False
2026-01-12,Kon Knueppel,PRA,17.981,26.5,0,-8.518999999999998,27.0,False,False,False,True,False,False,False,False,False
2026-01-12,Kawhi Leonard,PA,20.494,29.5,0,-9.006,38.0,False,True,False,False,False,False,False,False,False
2026-01-12,Keyonte George,PR,17.488,26.5,0,-9.012,37.0,False,False,True,False,False,False,False,False,False
2026-01-12,Brandon Ingram,PR,17.227,26.5,0,-9.273,27.0,False,False,True,False,False,False,False,False,False
2026-01-12,Kawhi Leonard,PR,23.164,32.5,0,-9.336,40.0,False,False,True,False,False,False,False,False,False
2026-01-12,Kawhi Leonard,PTS,17.062,26.5,0,-9.438,35.0,False,False,False,False,True,False,False,False,False
2026-01-12,Brandon Ingram,PA,13.88,23.5,0,-9.62,24.0,False,True,False,False,False,False,False,False,False
2026-01-12,Kawhi Leonard,PRA,26.595,36.5,0,-9.905,43.0,False,False,False,True,False,False,False,False,False
2026-01-12,Keyonte George,PA,19.246,29.5,0,-10.254,41.0,False,True,False,False,False,False,False,False,False
2026-01-12,Brandon Ingram,PRA,18.705,29.5,0,-10.795000000000002,34.0,False,False,False,True,False,False,False,False,False
2026-01-12,Keyonte George,PRA,22.626,33.5,0,-10.874,46.0,False,False,False,True,False,False,False,False,False
